system:time_start,SWIR1
"Mar 23, 1984",886
"Apr 11, 1984","2,744"
"Apr 20, 1984","3,106"
"May 6, 1984","3,083"
"May 13, 1984",
"May 29, 1984","1,560"
"Jun 14, 1984","1,687"
"Jun 23, 1984",
"Jun 30, 1984",
"Jul 9, 1984",
"Jul 16, 1984","1,564"
"Aug 26, 1984","1,702"
"Sep 11, 1984","1,656"
"Oct 4, 1984",
"Oct 20, 1984",
"Oct 29, 1984","1,003"
"Nov 21, 1984","1,957"
"Dec 7, 1984",
"Dec 23, 1984",
"Jan 8, 1985",484
"Jan 17, 1985",
"Mar 6, 1985",
"Mar 22, 1985","2,655"
"Apr 14, 1985",
"Apr 30, 1985",
"Aug 13, 1985",
"Sep 14, 1985",
"Oct 7, 1985","1,919"
"Oct 16, 1985","1,935"
"Nov 8, 1985","2,230"
"Nov 17, 1985",
"Jan 11, 1986",
"Jan 27, 1986","1,111"
"Feb 21, 1986",409
"Mar 16, 1986",
"Apr 1, 1986","2,400"
"Apr 10, 1986","2,707"
"Apr 17, 1986","2,621"
"Apr 26, 1986",
"May 28, 1986",
"Jun 13, 1986","1,713"
"Jun 29, 1986",861
"Jul 15, 1986","1,942"
"Jul 22, 1986","1,610"
"Jul 31, 1986",
"Aug 16, 1986","1,657"
"Sep 1, 1986","1,644"
"Sep 8, 1986","1,545"
"Sep 24, 1986","1,714"
"Oct 10, 1986",
"Oct 19, 1986","1,933"
"Nov 4, 1986","2,072"
"Nov 27, 1986",878
"Dec 6, 1986",
"Dec 13, 1986","1,026"
"Jan 14, 1987",918
"Jan 23, 1987",
"Feb 8, 1987",926
"Feb 15, 1987",
"Mar 3, 1987",937
"Mar 12, 1987",
"Mar 28, 1987","2,306"
"Apr 4, 1987",
"Apr 20, 1987",
"Apr 29, 1987","2,311"
"May 6, 1987","1,973"
"May 15, 1987","1,635"
"May 31, 1987",
"Jun 7, 1987","1,649"
"Jun 16, 1987","1,724"
"Jul 2, 1987","1,895"
"Jul 18, 1987","2,282"
"Jul 25, 1987","1,566"
"Aug 3, 1987",
"Aug 10, 1987",
"Aug 19, 1987","1,578"
"Sep 4, 1987","1,557"
"Sep 11, 1987",
"Sep 27, 1987","1,549"
"Oct 13, 1987","1,875"
"Oct 22, 1987",
"Oct 29, 1987",
"Nov 14, 1987",
"Jan 1, 1988",828
"Jan 26, 1988",772
"Feb 2, 1988","1,098"
"Feb 11, 1988",
"Feb 18, 1988",936
"Feb 27, 1988",818
"Mar 5, 1988",
"Mar 21, 1988",
"Mar 30, 1988","2,413"
"Apr 6, 1988","2,429"
"Apr 15, 1988","2,784"
"May 1, 1988","2,746"
"May 8, 1988","2,230"
"May 17, 1988","1,857"
"Jun 2, 1988",
"Jun 9, 1988","1,520"
"Jun 18, 1988",
"Jun 25, 1988","1,558"
"Jul 4, 1988","1,741"
"Jul 11, 1988","1,571"
"Jul 20, 1988",
"Jul 27, 1988",
"Aug 5, 1988","1,713"
"Aug 12, 1988","1,460"
"Aug 21, 1988","1,940"
"Aug 28, 1988","1,398"
"Sep 6, 1988","1,596"
"Sep 13, 1988","1,431"
"Sep 22, 1988",
"Sep 29, 1988",
"Oct 8, 1988","1,334"
"Oct 15, 1988","1,675"
"Nov 25, 1988","2,452"
"Dec 2, 1988",783
"Dec 11, 1988",
"Dec 18, 1988","1,388"
"Jan 12, 1989",
"Jan 19, 1989",890
"Jan 28, 1989",
"Feb 20, 1989",
"Mar 1, 1989",
"Mar 24, 1989",
"Apr 2, 1989","2,364"
"Apr 9, 1989",
"Apr 25, 1989",
"May 11, 1989","2,471"
"May 20, 1989","2,134"
"May 27, 1989","1,645"
"Jun 5, 1989","1,670"
"Jun 21, 1989","1,728"
"Jun 28, 1989","1,600"
"Jul 7, 1989","1,769"
"Jul 14, 1989","1,607"
"Jul 23, 1989","1,804"
"Sep 16, 1989","1,469"
"Sep 25, 1989","1,662"
"Oct 11, 1989","1,772"
"Oct 18, 1989",
"Nov 12, 1989",
"Nov 19, 1989",
"Dec 5, 1989","1,364"
"Dec 14, 1989","1,006"
"Dec 21, 1989","1,189"
"Jan 15, 1990",960
"Apr 21, 1990","2,628"
"May 7, 1990","2,546"
"May 30, 1990","1,646"
"Jul 1, 1990","1,565"
"Jul 26, 1990",
"Aug 2, 1990","1,512"
"Aug 11, 1990",
"Aug 18, 1990",
"Aug 27, 1990",
"Sep 12, 1990","1,668"
"Sep 28, 1990",
"Oct 5, 1990",
"Oct 14, 1990",
"Oct 21, 1990",
"Oct 30, 1990","1,828"
"Nov 15, 1990","2,006"
"Dec 8, 1990",977
"Dec 24, 1990",584
"Jan 25, 1991","1,117"
"Feb 10, 1991",
"Feb 26, 1991",
"Mar 7, 1991",
"Mar 14, 1991",999
"Mar 30, 1991","2,050"
"Apr 15, 1991","2,347"
"Apr 24, 1991","2,707"
"May 26, 1991",
"Jun 11, 1991",
"Jun 18, 1991","1,983"
"Jun 27, 1991","1,711"
"Jul 20, 1991",
"Aug 5, 1991","1,669"
"Aug 14, 1991",805
"Aug 21, 1991","1,484"
"Aug 30, 1991",
"Sep 6, 1991","1,529"
"Oct 8, 1991",
"Oct 17, 1991","2,122"
"Nov 18, 1991",
"Nov 25, 1991",878
"Dec 4, 1991","1,111"
"Dec 11, 1991","1,301"
"Jan 21, 1992","1,018"
"Feb 22, 1992",
"Mar 25, 1992","1,426"
"May 3, 1992","2,996"
"May 19, 1992","1,738"
"Jun 4, 1992",
"Jun 13, 1992","1,768"
"Jun 20, 1992","1,510"
"Jun 29, 1992",
"Jul 6, 1992","1,633"
"Jul 15, 1992","1,884"
"Jul 31, 1992","1,584"
"Aug 16, 1992","1,615"
"Aug 23, 1992","1,566"
"Sep 1, 1992","1,547"
"Sep 8, 1992","1,391"
"Sep 24, 1992","1,396"
"Oct 3, 1992","1,679"
"Oct 19, 1992","2,127"
"Oct 26, 1992","1,964"
"Nov 11, 1992",
"Nov 27, 1992",
"Dec 22, 1992",959
"Jan 30, 1993","1,025"
"Feb 15, 1993","1,142"
"Feb 24, 1993","1,199"
"Mar 12, 1993","1,324"
"Mar 28, 1993",839
"Apr 4, 1993",829
"Apr 13, 1993",
"Apr 20, 1993",
"Apr 29, 1993","2,320"
"May 6, 1993","2,641"
"May 15, 1993","2,079"
"May 22, 1993","1,891"
"May 31, 1993","1,565"
"Jun 23, 1993","1,590"
"Jul 9, 1993",
"Aug 3, 1993",
"Aug 10, 1993","1,504"
"Sep 4, 1993","1,563"
"Sep 27, 1993",
"Oct 6, 1993","1,681"
"Oct 13, 1993","1,964"
"Oct 22, 1993","1,957"
"Nov 7, 1993","1,152"
"Nov 23, 1993",
"Dec 9, 1993",
"Dec 25, 1993",
"Jan 17, 1994","1,338"
"Jan 26, 1994","1,329"
"Feb 2, 1994",
"Feb 11, 1994","1,672"
"Feb 27, 1994",
"Mar 6, 1994",
"Mar 15, 1994","1,200"
"Mar 22, 1994","2,166"
"Mar 31, 1994","2,602"
"Apr 7, 1994","2,177"
"Apr 16, 1994","2,683"
"Apr 23, 1994","2,499"
"May 2, 1994","2,758"
"May 25, 1994",
"Jun 3, 1994","1,635"
"Jun 19, 1994",
"Jun 26, 1994",
"Jul 5, 1994",
"Jul 12, 1994","1,638"
"Jul 21, 1994","1,615"
"Jul 28, 1994","1,449"
"Aug 6, 1994","1,966"
"Aug 22, 1994","1,786"
"Aug 29, 1994","1,351"
"Sep 7, 1994","1,535"
"Sep 14, 1994","1,354"
"Sep 23, 1994",
"Sep 30, 1994",
"Oct 9, 1994",
"Nov 1, 1994","2,014"
"Nov 10, 1994","1,689"
"Nov 17, 1994",
"Nov 26, 1994",
"Dec 12, 1994",
"Dec 19, 1994",
"Jan 4, 1995",
"Jan 29, 1995",771
"Feb 5, 1995",
"Feb 14, 1995",994
"Mar 9, 1995","1,167"
"Mar 18, 1995",
"Mar 25, 1995",
"Apr 3, 1995","2,625"
"May 5, 1995","2,537"
"May 12, 1995","2,455"
"May 21, 1995","2,119"
"Jun 6, 1995",
"Jun 13, 1995","1,571"
"Jun 22, 1995","1,752"
"Jul 8, 1995",
"Jul 31, 1995","1,419"
"Aug 25, 1995",
"Sep 10, 1995","1,476"
"Sep 26, 1995",
"Oct 12, 1995","1,972"
"Nov 4, 1995",
"Dec 6, 1995",
"Dec 15, 1995",113
"Dec 22, 1995",
"Jan 7, 1996","1,002"
"Feb 1, 1996",
"Feb 24, 1996",874
"Mar 11, 1996",
"Mar 20, 1996","2,354"
"Mar 27, 1996",
"Apr 5, 1996",
"Apr 12, 1996",
"Apr 21, 1996","2,848"
"Apr 28, 1996","2,737"
"May 7, 1996",
"May 30, 1996","1,756"
"Jun 15, 1996","1,649"
"Jul 1, 1996","1,560"
"Jul 10, 1996","1,760"
"Jul 26, 1996","1,668"
"Aug 2, 1996","1,584"
"Aug 11, 1996",
"Aug 18, 1996",
"Aug 27, 1996",
"Sep 19, 1996","1,509"
"Oct 5, 1996","1,645"
"Oct 14, 1996","1,983"
"Dec 24, 1996",
"Jan 18, 1997",
"Jan 25, 1997",
"Feb 3, 1997",962
"Feb 19, 1997","1,011"
"Mar 7, 1997",
"Mar 30, 1997",
"Apr 15, 1997","2,459"
"Apr 24, 1997","2,706"
"May 1, 1997",
"May 10, 1997","2,739"
"May 17, 1997","2,482"
"May 26, 1997",
"Jun 2, 1997","1,835"
"Jun 11, 1997",
"Jun 18, 1997","1,589"
"Jun 27, 1997","1,747"
"Jul 13, 1997",
"Jul 20, 1997",
"Jul 29, 1997","1,709"
"Aug 5, 1997","1,469"
"Aug 21, 1997","1,584"
"Sep 6, 1997","1,494"
"Sep 15, 1997","1,844"
"Oct 1, 1997","1,699"
"Oct 8, 1997","1,688"
"Oct 17, 1997","1,901"
"Nov 18, 1997","1,154"
"Nov 25, 1997",
"Dec 20, 1997",
"Dec 27, 1997",948
"Feb 6, 1998","1,342"
"Feb 22, 1998",
"Mar 10, 1998","1,174"
"Mar 26, 1998","1,893"
"Apr 11, 1998",
"Apr 18, 1998","2,502"
"Apr 27, 1998","2,205"
"May 4, 1998","1,863"
"May 13, 1998","1,792"
"May 20, 1998","5,829"
"May 29, 1998",
"Jul 16, 1998","1,669"
"Jul 23, 1998","1,656"
"Aug 1, 1998","1,661"
"Aug 8, 1998",423
"Aug 17, 1998",
"Sep 2, 1998","1,672"
"Sep 9, 1998",
"Sep 18, 1998","1,703"
"Oct 11, 1998","1,633"
"Oct 20, 1998","1,883"
"Nov 12, 1998","1,285"
"Nov 21, 1998","1,557"
"Nov 28, 1998","1,781"
"Dec 7, 1998","1,090"
"Dec 14, 1998","1,969"
"Dec 23, 1998",
"Dec 30, 1998",
"Feb 9, 1999",818
"Mar 13, 1999",
"Mar 20, 1999","2,477"
"Mar 29, 1999","2,746"
"Apr 14, 1999","2,635"
"Apr 30, 1999","2,722"
"Jun 17, 1999","1,735"
"Jun 24, 1999","1,484"
"Jul 2, 1999",
"Jul 11, 1999",
"Jul 26, 1999",
"Jul 27, 1999","1,673"
"Aug 3, 1999","1,671"
"Aug 4, 1999","1,649"
"Aug 11, 1999","1,642"
"Aug 20, 1999","1,770"
"Aug 27, 1999","1,486"
"Aug 28, 1999",
"Sep 4, 1999","1,533"
"Sep 5, 1999",
"Sep 13, 1999",
"Sep 20, 1999",
"Sep 21, 1999","1,602"
"Sep 29, 1999","1,657"
"Oct 6, 1999","1,500"
"Oct 7, 1999",
"Oct 14, 1999","1,809"
"Oct 15, 1999","2,084"
"Oct 30, 1999",
"Nov 7, 1999","2,015"
"Nov 8, 1999","2,204"
"Nov 16, 1999","2,108"
"Nov 24, 1999","1,678"
"Dec 1, 1999",
"Dec 2, 1999",
"Dec 9, 1999",
"Dec 10, 1999","1,534"
"Dec 18, 1999","1,009"
"Dec 25, 1999","2,773"
"Dec 26, 1999",
"Jan 10, 2000",
"Jan 11, 2000",
"Jan 26, 2000","1,002"
"Jan 27, 2000","1,129"
"Feb 4, 2000",
"Feb 11, 2000",
"Feb 12, 2000",
"Feb 20, 2000","1,175"
"Feb 27, 2000","1,943"
"Feb 28, 2000",
"Mar 6, 2000","1,735"
"Mar 7, 2000","2,445"
"Mar 14, 2000","1,741"
"Mar 23, 2000",
"Mar 30, 2000","2,377"
"Apr 8, 2000","1,101"
"Apr 15, 2000",
"Apr 23, 2000",
"Apr 24, 2000","2,728"
"May 1, 2000","2,510"
"May 2, 2000","2,658"
"May 10, 2000",
"May 25, 2000","1,532"
"May 26, 2000",
"Jun 2, 2000",
"Jun 3, 2000","1,747"
"Jun 10, 2000",
"Jun 11, 2000","1,707"
"Jun 18, 2000","1,483"
"Jun 19, 2000","1,674"
"Jun 26, 2000",
"Jun 27, 2000","1,683"
"Jul 5, 2000","1,736"
"Jul 12, 2000",
"Jul 13, 2000","1,736"
"Jul 21, 2000","1,656"
"Jul 29, 2000",
"Aug 6, 2000","1,629"
"Aug 13, 2000",
"Aug 14, 2000",
"Aug 21, 2000",
"Aug 22, 2000",
"Aug 29, 2000",
"Aug 30, 2000",
"Sep 6, 2000","1,453"
"Sep 7, 2000",
"Sep 14, 2000","1,455"
"Sep 30, 2000",
"Oct 1, 2000",
"Oct 8, 2000",
"Oct 9, 2000","1,810"
"Oct 16, 2000",
"Oct 17, 2000",
"Oct 24, 2000","2,077"
"Nov 1, 2000","1,334"
"Nov 2, 2000","2,011"
"Nov 25, 2000",
"Dec 3, 2000",
"Dec 4, 2000",
"Dec 12, 2000","1,084"
"Dec 19, 2000",970
"Jan 5, 2001",
"Jan 20, 2001","1,157"
"Jan 21, 2001",
"Jan 28, 2001",
"Feb 21, 2001",812
"Mar 1, 2001",860
"Mar 2, 2001",
"Mar 9, 2001",830
"Mar 17, 2001",
"Mar 18, 2001",821
"Mar 25, 2001",
"Mar 26, 2001",
"Apr 2, 2001",
"Apr 10, 2001","2,438"
"Apr 18, 2001","2,572"
"Apr 26, 2001","2,516"
"Apr 27, 2001","2,703"
"May 4, 2001",
"May 12, 2001","1,649"
"May 13, 2001","1,864"
"May 20, 2001","1,864"
"May 28, 2001",
"May 29, 2001",
"Jun 13, 2001","1,646"
"Jun 14, 2001",
"Jun 21, 2001",
"Jun 29, 2001","1,560"
"Jun 30, 2001",
"Jul 8, 2001","1,760"
"Jul 15, 2001","1,695"
"Jul 16, 2001",
"Jul 24, 2001","1,868"
"Jul 31, 2001","1,484"
"Aug 1, 2001",
"Aug 8, 2001","1,520"
"Aug 9, 2001","1,672"
"Aug 17, 2001",
"Sep 1, 2001",
"Sep 2, 2001","1,459"
"Sep 10, 2001","1,559"
"Sep 18, 2001",
"Sep 25, 2001","1,377"
"Sep 26, 2001","1,656"
"Oct 3, 2001",
"Oct 11, 2001",
"Oct 12, 2001","1,712"
"Oct 19, 2001",
"Oct 20, 2001",
"Oct 27, 2001",450
"Oct 28, 2001","2,009"
"Nov 4, 2001","1,992"
"Nov 5, 2001","2,106"
"Nov 12, 2001",
"Nov 20, 2001","1,695"
"Nov 21, 2001","1,897"
"Dec 6, 2001",
"Dec 7, 2001",
"Dec 30, 2001",
"Jan 7, 2002",
"Jan 8, 2002",
"Jan 23, 2002",
"Jan 24, 2002","1,133"
"Feb 8, 2002",881
"Feb 9, 2002",
"Feb 16, 2002",
"Feb 17, 2002",
"Feb 24, 2002","1,708"
"Mar 4, 2002",
"Mar 13, 2002",
"Mar 20, 2002",
"Mar 29, 2002",
"Apr 5, 2002",
"Apr 14, 2002",
"Apr 30, 2002","2,400"
"May 7, 2002",
"May 15, 2002",
"May 16, 2002",
"Jun 1, 2002","1,935"
"Jun 8, 2002",
"Jun 9, 2002","1,729"
"Jun 16, 2002",
"Jun 17, 2002",
"Jun 24, 2002",
"Jun 25, 2002","1,731"
"Jul 2, 2002","1,541"
"Jul 3, 2002","1,752"
"Jul 11, 2002",
"Jul 18, 2002",
"Jul 19, 2002",
"Jul 26, 2002",
"Aug 3, 2002","1,455"
"Aug 4, 2002",
"Aug 11, 2002","1,488"
"Aug 12, 2002",
"Aug 19, 2002","1,438"
"Aug 20, 2002","1,775"
"Aug 27, 2002","1,409"
"Aug 28, 2002","1,675"
"Sep 4, 2002","1,419"
"Sep 5, 2002","1,505"
"Sep 12, 2002","1,405"
"Sep 13, 2002",673
"Sep 21, 2002","1,491"
"Sep 28, 2002","1,394"
"Sep 29, 2002",
"Oct 6, 2002","1,388"
"Oct 7, 2002","1,698"
"Oct 14, 2002","1,478"
"Oct 15, 2002","1,887"
"Oct 30, 2002",
"Oct 31, 2002",
"Nov 7, 2002","1,652"
"Nov 8, 2002",
"Nov 15, 2002","1,621"
"Nov 16, 2002",
"Nov 23, 2002","1,643"
"Nov 24, 2002",
"Dec 1, 2002",
"Dec 2, 2002",
"Dec 10, 2002","1,261"
"Dec 26, 2002","1,499"
"Jan 3, 2003","1,728"
"Jan 10, 2003",
"Jan 11, 2003",
"Jan 18, 2003",609
"Jan 19, 2003",
"Jan 26, 2003","1,312"
"Feb 11, 2003",
"Feb 12, 2003","1,269"
"Feb 19, 2003",841
"Feb 20, 2003","1,049"
"Feb 27, 2003",
"Feb 28, 2003","1,074"
"Mar 7, 2003",
"Mar 15, 2003",
"Mar 16, 2003",
"Mar 23, 2003","1,457"
"Mar 24, 2003",
"Mar 31, 2003","2,294"
"Apr 1, 2003","2,909"
"Apr 8, 2003",
"Apr 9, 2003",910
"Apr 17, 2003",
"Apr 24, 2003",
"Apr 25, 2003","2,840"
"May 2, 2003","2,487"
"May 3, 2003","2,652"
"May 10, 2003",
"May 18, 2003",
"May 26, 2003","1,791"
"May 27, 2003","1,781"
"Jun 3, 2003",
"Jun 19, 2003","1,580"
"Jul 5, 2003","1,588"
"Jul 14, 2003","1,564"
"Jul 21, 2003",
"Jul 22, 2003",
"Jul 29, 2003","1,694"
"Jul 30, 2003",
"Aug 6, 2003",
"Aug 7, 2003",441
"Aug 14, 2003","1,580"
"Aug 15, 2003",650
"Aug 22, 2003","1,507"
"Aug 23, 2003","1,630"
"Aug 30, 2003",
"Aug 31, 2003",
"Sep 7, 2003","1,584"
"Sep 16, 2003","1,576"
"Sep 23, 2003","1,339"
"Sep 24, 2003","1,615"
"Oct 1, 2003",
"Oct 2, 2003","1,506"
"Oct 9, 2003",
"Oct 10, 2003",
"Oct 17, 2003","1,706"
"Oct 18, 2003","1,980"
"Oct 25, 2003","1,737"
"Nov 18, 2003",
"Nov 19, 2003","1,885"
"Nov 26, 2003","1,559"
"Nov 27, 2003","2,439"
"Dec 5, 2003",
"Dec 12, 2003",943
"Dec 13, 2003",
"Dec 20, 2003",
"Dec 21, 2003","1,004"
"Dec 28, 2003",156
"Dec 29, 2003",
"Jan 5, 2004",
"Jan 6, 2004",
"Jan 13, 2004","1,038"
"Jan 22, 2004","1,242"
"Jan 30, 2004","1,099"
"Feb 7, 2004",
"Feb 14, 2004","1,100"
"Feb 15, 2004",
"Mar 9, 2004",
"Mar 10, 2004","2,050"
"Apr 2, 2004","2,627"
"Apr 3, 2004",
"Apr 10, 2004",
"Apr 26, 2004",
"Apr 27, 2004","2,830"
"May 4, 2004","2,471"
"May 5, 2004",
"May 12, 2004",
"May 20, 2004",
"May 21, 2004",
"May 28, 2004","1,508"
"Jun 5, 2004",
"Jun 6, 2004",
"Jun 13, 2004",
"Jun 14, 2004",
"Jun 22, 2004",
"Jun 29, 2004","1,576"
"Jun 30, 2004","1,734"
"Jul 8, 2004","1,808"
"Jul 15, 2004",
"Jul 16, 2004",
"Jul 23, 2004",
"Jul 24, 2004",
"Jul 31, 2004",
"Aug 1, 2004",
"Aug 8, 2004","1,559"
"Aug 9, 2004",
"Aug 16, 2004",
"Sep 1, 2004",
"Sep 2, 2004","1,592"
"Sep 9, 2004",
"Sep 10, 2004","1,606"
"Sep 17, 2004","1,542"
"Sep 18, 2004","1,735"
"Sep 25, 2004","1,583"
"Sep 26, 2004","1,598"
"Oct 3, 2004","1,502"
"Oct 4, 2004","1,658"
"Oct 11, 2004",
"Oct 12, 2004",
"Oct 28, 2004",
"Nov 4, 2004",
"Nov 5, 2004","1,947"
"Nov 12, 2004",
"Nov 13, 2004","1,913"
"Nov 21, 2004","1,174"
"Nov 28, 2004",946
"Nov 29, 2004",
"Dec 14, 2004","1,354"
"Dec 15, 2004","1,675"
"Dec 22, 2004",
"Dec 23, 2004",
"Jan 7, 2005",
"Jan 8, 2005","4,205"
"Jan 15, 2005",
"Jan 16, 2005",
"Jan 23, 2005","1,124"
"Jan 24, 2005","1,494"
"Feb 1, 2005",
"Feb 16, 2005",
"Feb 17, 2005",
"Feb 24, 2005",
"Mar 4, 2005",
"Mar 5, 2005",920
"Mar 12, 2005",
"Mar 13, 2005",
"Mar 20, 2005","1,164"
"Mar 21, 2005",918
"Mar 28, 2005",963
"Mar 29, 2005",
"Apr 5, 2005",
"Apr 6, 2005","3,094"
"Apr 13, 2005","2,474"
"Apr 14, 2005","2,723"
"Apr 21, 2005","2,642"
"Apr 22, 2005",
"May 8, 2005","2,302"
"May 16, 2005",
"May 23, 2005",
"May 24, 2005","1,827"
"May 31, 2005",
"Jun 1, 2005",
"Jun 8, 2005",
"Jun 9, 2005",
"Jun 16, 2005",
"Jun 17, 2005",
"Jun 24, 2005","1,595"
"Jun 25, 2005",
"Jul 2, 2005","1,639"
"Jul 3, 2005",
"Jul 10, 2005","1,560"
"Jul 11, 2005","1,944"
"Jul 18, 2005",
"Jul 19, 2005","1,707"
"Jul 27, 2005",
"Aug 3, 2005","1,567"
"Aug 4, 2005",
"Aug 19, 2005",
"Aug 20, 2005",
"Aug 27, 2005","1,507"
"Aug 28, 2005",
"Sep 4, 2005",
"Sep 5, 2005","1,600"
"Sep 12, 2005","1,375"
"Sep 13, 2005",
"Sep 20, 2005","1,412"
"Sep 21, 2005","1,701"
"Sep 29, 2005",
"Oct 14, 2005","1,539"
"Oct 15, 2005","1,645"
"Oct 22, 2005",
"Oct 31, 2005",
"Nov 7, 2005",
"Nov 8, 2005",
"Nov 23, 2005",
"Nov 24, 2005",
"Dec 2, 2005",
"Dec 9, 2005",836
"Dec 18, 2005",
"Jan 10, 2006","1,052"
"Jan 19, 2006",
"Jan 26, 2006",
"Jan 27, 2006",
"Feb 11, 2006",
"Feb 19, 2006","1,132"
"Feb 20, 2006",
"Feb 27, 2006",
"Feb 28, 2006",
"Mar 8, 2006",
"Mar 15, 2006","2,258"
"Apr 8, 2006","2,284"
"Apr 9, 2006","2,809"
"Apr 17, 2006","2,714"
"Apr 24, 2006",
"Apr 25, 2006",
"May 2, 2006",
"May 10, 2006",
"May 18, 2006","1,985"
"May 26, 2006","1,529"
"May 27, 2006",
"Jun 3, 2006",
"Jun 4, 2006","1,733"
"Jun 12, 2006","1,756"
"Jun 19, 2006",
"Jun 27, 2006",
"Jun 28, 2006","1,893"
"Jul 5, 2006",
"Jul 6, 2006","1,802"
"Jul 13, 2006",
"Jul 14, 2006",
"Jul 22, 2006","1,252"
"Jul 29, 2006",
"Jul 30, 2006",
"Aug 6, 2006",
"Aug 7, 2006","1,674"
"Aug 14, 2006","1,607"
"Aug 15, 2006","1,613"
"Aug 22, 2006","1,669"
"Aug 23, 2006","2,172"
"Aug 30, 2006",
"Aug 31, 2006",
"Sep 7, 2006",
"Sep 8, 2006",
"Sep 15, 2006","1,626"
"Sep 16, 2006",
"Sep 23, 2006",
"Sep 24, 2006","1,580"
"Oct 1, 2006","1,605"
"Oct 2, 2006",
"Oct 25, 2006",
"Nov 2, 2006",
"Nov 3, 2006","1,921"
"Nov 11, 2006",
"Nov 19, 2006","1,835"
"Dec 4, 2006","1,666"
"Dec 12, 2006",
"Dec 13, 2006","1,297"
"Dec 20, 2006","1,574"
"Dec 28, 2006",
"Jan 5, 2007",
"Jan 13, 2007",
"Jan 22, 2007",
"Jan 29, 2007",
"Jan 30, 2007",
"Feb 7, 2007","1,325"
"Feb 14, 2007",
"Feb 15, 2007","1,089"
"Feb 22, 2007",
"Feb 23, 2007",
"Mar 10, 2007",775
"Mar 11, 2007",899
"Mar 18, 2007",
"Mar 19, 2007",
"Mar 26, 2007",
"Mar 27, 2007",
"Apr 3, 2007",
"Apr 12, 2007",
"Apr 19, 2007",
"Apr 20, 2007","2,088"
"Apr 27, 2007",
"Apr 28, 2007","2,581"
"May 5, 2007",
"May 6, 2007","2,363"
"May 14, 2007","1,898"
"May 21, 2007","1,576"
"May 22, 2007",
"May 29, 2007","1,695"
"May 30, 2007",
"Jun 6, 2007",
"Jun 14, 2007","1,541"
"Jun 15, 2007","1,762"
"Jun 22, 2007",
"Jun 23, 2007",
"Jun 30, 2007","1,530"
"Jul 1, 2007",
"Jul 8, 2007","1,612"
"Jul 9, 2007",
"Jul 16, 2007",
"Jul 17, 2007",873
"Jul 24, 2007",
"Jul 25, 2007",
"Aug 1, 2007",215
"Aug 2, 2007",
"Aug 9, 2007",
"Aug 10, 2007","1,648"
"Aug 17, 2007","1,485"
"Aug 25, 2007",
"Aug 26, 2007","1,525"
"Sep 2, 2007","1,370"
"Sep 3, 2007","1,536"
"Sep 11, 2007",575
"Sep 18, 2007",
"Sep 19, 2007",
"Sep 26, 2007",
"Sep 27, 2007","1,467"
"Oct 4, 2007","1,384"
"Oct 5, 2007",
"Oct 21, 2007","1,679"
"Oct 28, 2007","1,545"
"Nov 13, 2007",
"Nov 22, 2007",
"Nov 29, 2007",
"Dec 8, 2007",539
"Dec 24, 2007","2,498"
"Jan 9, 2008",
"Jan 16, 2008",
"Jan 25, 2008",
"Feb 10, 2008",
"Feb 17, 2008",
"Feb 26, 2008","1,177"
"Mar 4, 2008",
"Mar 13, 2008",858
"Mar 20, 2008",812
"Mar 28, 2008",939
"Mar 29, 2008",
"Apr 5, 2008","1,551"
"Apr 6, 2008",
"Apr 13, 2008",
"Apr 14, 2008","2,440"
"Apr 21, 2008","2,557"
"Apr 29, 2008",
"Apr 30, 2008","2,773"
"May 8, 2008","2,512"
"May 15, 2008","1,398"
"May 16, 2008","2,206"
"May 23, 2008",
"May 24, 2008","2,028"
"May 31, 2008",
"Jun 1, 2008","1,673"
"Jun 16, 2008",
"Jun 17, 2008","1,732"
"Jun 24, 2008",
"Jun 25, 2008",
"Jul 2, 2008",
"Jul 3, 2008",
"Jul 10, 2008",
"Jul 11, 2008","1,659"
"Jul 18, 2008",
"Jul 19, 2008",
"Jul 26, 2008",
"Jul 27, 2008",
"Aug 4, 2008",
"Aug 11, 2008",
"Aug 19, 2008",
"Aug 20, 2008","1,838"
"Aug 27, 2008",
"Aug 28, 2008","3,240"
"Sep 5, 2008",
"Sep 20, 2008",810
"Sep 21, 2008","1,602"
"Oct 6, 2008",
"Oct 14, 2008",
"Oct 23, 2008",
"Oct 30, 2008","1,851"
"Oct 31, 2008","1,842"
"Nov 24, 2008",
"Dec 10, 2008",
"Dec 17, 2008","1,374"
"Dec 18, 2008","1,125"
"Jan 2, 2009",
"Jan 10, 2009",
"Jan 11, 2009",
"Jan 18, 2009","1,217"
"Jan 19, 2009",964
"Jan 27, 2009",
"Feb 3, 2009",
"Feb 4, 2009","1,109"
"Feb 19, 2009",
"Feb 20, 2009","1,132"
"Feb 27, 2009",
"Feb 28, 2009",
"Mar 15, 2009","1,154"
"Mar 16, 2009",
"Apr 8, 2009","2,632"
"Apr 9, 2009","2,734"
"Apr 16, 2009","2,589"
"Apr 17, 2009","2,778"
"Apr 24, 2009",
"May 2, 2009","2,866"
"May 3, 2009",
"May 10, 2009",
"May 11, 2009",415
"May 18, 2009",
"May 19, 2009","2,122"
"Jun 3, 2009","1,529"
"Jun 4, 2009","1,775"
"Jun 11, 2009","1,992"
"Jun 12, 2009","1,887"
"Jun 19, 2009",
"Jun 20, 2009","1,767"
"Jun 27, 2009",
"Jun 28, 2009","1,728"
"Jul 5, 2009","1,582"
"Jul 6, 2009","1,694"
"Jul 13, 2009","1,545"
"Jul 14, 2009",
"Jul 29, 2009","1,485"
"Aug 6, 2009","1,549"
"Aug 15, 2009","1,774"
"Aug 22, 2009","1,394"
"Aug 23, 2009",438
"Aug 30, 2009",
"Aug 31, 2009","1,661"
"Sep 7, 2009","1,441"
"Sep 8, 2009","1,545"
"Sep 15, 2009",
"Sep 16, 2009",
"Sep 24, 2009",
"Oct 9, 2009",
"Oct 10, 2009",
"Oct 17, 2009",
"Oct 18, 2009","1,779"
"Oct 25, 2009","1,820"
"Nov 2, 2009",959
"Nov 3, 2009","1,861"
"Nov 10, 2009",
"Nov 11, 2009",
"Nov 18, 2009",
"Nov 27, 2009","1,616"
"Dec 4, 2009",
"Dec 5, 2009",
"Dec 12, 2009","1,083"
"Dec 29, 2009","1,069"
"Jan 5, 2010",947
"Jan 13, 2010","1,004"
"Jan 29, 2010","1,075"
"Jan 30, 2010",834
"Feb 6, 2010",
"Feb 14, 2010",972
"Feb 15, 2010",
"Feb 22, 2010",
"Feb 23, 2010","1,140"
"Mar 2, 2010",937
"Mar 3, 2010",958
"Mar 10, 2010",
"Mar 18, 2010",
"Mar 19, 2010",
"Mar 26, 2010","2,423"
"Apr 3, 2010",
"Apr 4, 2010",
"Apr 11, 2010",
"Apr 19, 2010",
"Apr 20, 2010",
"Apr 27, 2010",
"Apr 28, 2010","2,316"
"May 5, 2010","1,765"
"May 6, 2010",
"May 14, 2010","1,734"
"May 22, 2010",
"May 29, 2010","1,581"
"May 30, 2010","1,737"
"Jun 6, 2010",
"Jun 7, 2010",
"Jun 22, 2010","1,652"
"Jun 23, 2010",
"Jun 30, 2010","1,596"
"Jul 1, 2010","1,701"
"Jul 8, 2010",
"Jul 9, 2010",
"Jul 16, 2010","1,578"
"Jul 17, 2010","1,729"
"Jul 24, 2010","1,211"
"Jul 25, 2010",
"Aug 1, 2010",
"Aug 2, 2010",
"Aug 9, 2010",481
"Aug 10, 2010",
"Aug 17, 2010",
"Aug 18, 2010","1,801"
"Aug 25, 2010","1,709"
"Aug 26, 2010","1,596"
"Sep 2, 2010","1,503"
"Sep 10, 2010","1,621"
"Sep 18, 2010",
"Sep 26, 2010","1,762"
"Sep 27, 2010","1,649"
"Oct 4, 2010",
"Oct 5, 2010","1,842"
"Oct 12, 2010","2,026"
"Oct 13, 2010","1,812"
"Oct 20, 2010",
"Oct 21, 2010",
"Oct 29, 2010","2,098"
"Nov 5, 2010",
"Nov 6, 2010","2,215"
"Dec 7, 2010",
"Dec 8, 2010","1,045"
"Dec 15, 2010",725
"Dec 23, 2010",
"Jan 1, 2011",
"Jan 8, 2011","1,174"
"Jan 9, 2011","1,210"
"Jan 16, 2011",
"Feb 2, 2011",
"Feb 9, 2011","1,171"
"Feb 10, 2011","1,226"
"Feb 18, 2011",941
"Feb 25, 2011",
"Mar 6, 2011",
"Mar 13, 2011",796
"Mar 14, 2011",928
"Mar 29, 2011","2,171"
"Mar 30, 2011","2,640"
"Apr 6, 2011",
"Apr 7, 2011",
"Apr 14, 2011",
"May 1, 2011",
"May 8, 2011","2,385"
"May 16, 2011","2,147"
"May 17, 2011","2,212"
"Jun 1, 2011","1,536"
"Jun 2, 2011","1,842"
"Jun 17, 2011","1,724"
"Jun 18, 2011",
"Jun 25, 2011",
"Jun 26, 2011","1,756"
"Jul 3, 2011",
"Jul 4, 2011","1,753"
"Jul 11, 2011",
"Jul 12, 2011","1,128"
"Jul 19, 2011",
"Jul 20, 2011","1,542"
"Aug 5, 2011",
"Aug 12, 2011",
"Aug 13, 2011",
"Aug 20, 2011",
"Aug 21, 2011",
"Aug 28, 2011","1,776"
"Aug 29, 2011","1,546"
"Sep 5, 2011",
"Sep 6, 2011","1,587"
"Sep 13, 2011","1,385"
"Sep 14, 2011",
"Sep 29, 2011",502
"Sep 30, 2011",
"Oct 7, 2011","1,538"
"Oct 8, 2011","1,660"
"Oct 15, 2011","1,282"
"Oct 16, 2011",
"Oct 23, 2011",
"Oct 24, 2011","1,665"
"Nov 1, 2011","2,048"
"Nov 16, 2011","1,795"
"Nov 17, 2011","2,169"
"Nov 24, 2011",
"Dec 10, 2011","1,615"
"Dec 26, 2011","1,016"
"Jan 4, 2012",
"Jan 11, 2012",
"Jan 27, 2012","1,036"
"Feb 5, 2012",
"Feb 12, 2012",
"Feb 28, 2012",
"Mar 8, 2012","1,885"
"Mar 15, 2012","2,365"
"Apr 9, 2012","2,511"
"May 2, 2012",
"May 11, 2012","1,905"
"May 18, 2012","1,591"
"May 27, 2012","1,624"
"Jun 3, 2012",
"Jun 12, 2012","1,963"
"Jun 19, 2012","1,594"
"Jun 28, 2012","1,819"
"Jul 5, 2012",
"Jul 14, 2012",
"Jul 21, 2012",
"Jul 30, 2012","1,760"
"Aug 6, 2012",
"Aug 15, 2012","1,797"
"Aug 22, 2012","1,521"
"Aug 31, 2012","1,732"
"Sep 16, 2012","1,657"
"Sep 23, 2012","1,534"
"Oct 2, 2012",
"Oct 9, 2012",
"Nov 3, 2012","1,887"
"Nov 10, 2012",
"Nov 26, 2012",
"Dec 5, 2012","1,859"
"Dec 12, 2012",
"Dec 21, 2012",
"Jan 6, 2013",
"Jan 22, 2013",
"Feb 14, 2013",
"Feb 23, 2013",
"Mar 2, 2013",
"Mar 27, 2013",
"Apr 3, 2013",
"Apr 20, 2013","2,260"
"Apr 27, 2013","2,713"
"Apr 28, 2013","3,014"
"May 5, 2013","2,469"
"May 13, 2013","2,157"
"May 14, 2013",
"May 29, 2013",
"May 30, 2013",
"Jun 7, 2013",
"Jun 14, 2013","1,568"
"Jun 15, 2013",
"Jun 22, 2013",
"Jun 23, 2013","2,184"
"Jun 30, 2013","1,605"
"Jul 1, 2013",
"Jul 8, 2013",
"Jul 16, 2013",
"Jul 17, 2013","1,836"
"Jul 24, 2013",
"Jul 25, 2013",
"Aug 1, 2013","1,656"
"Aug 2, 2013",
"Aug 9, 2013",
"Aug 10, 2013",
"Aug 17, 2013","1,666"
"Aug 18, 2013","1,771"
"Aug 25, 2013","1,486"
"Aug 26, 2013","1,660"
"Sep 2, 2013",
"Sep 3, 2013","1,586"
"Sep 10, 2013","1,433"
"Sep 11, 2013",
"Sep 19, 2013",
"Sep 26, 2013","1,423"
"Sep 27, 2013","1,424"
"Oct 12, 2013",
"Oct 13, 2013","1,634"
"Oct 20, 2013",
"Oct 29, 2013",
"Nov 13, 2013",
"Nov 14, 2013",
"Nov 22, 2013",
"Nov 29, 2013",
"Nov 30, 2013","1,198"
"Dec 7, 2013","1,396"
"Dec 15, 2013",643
"Dec 16, 2013",
"Dec 23, 2013",
"Dec 24, 2013",445
"Jan 8, 2014",772
"Jan 9, 2014","1,167"
"Jan 25, 2014",
"Feb 2, 2014",721
"Feb 9, 2014","1,055"
"Feb 10, 2014","1,111"
"Feb 18, 2014",777
"Feb 25, 2014","1,108"
"Feb 26, 2014",
"Mar 5, 2014","1,242"
"Mar 6, 2014",
"Mar 13, 2014",
"Mar 14, 2014",874
"Mar 21, 2014",856
"Mar 22, 2014",
"Mar 29, 2014",
"Mar 30, 2014","1,558"
"Apr 6, 2014",
"Apr 7, 2014",
"Apr 22, 2014","2,649"
"Apr 23, 2014",
"May 8, 2014",
"May 9, 2014",
"May 24, 2014",
"May 25, 2014","2,041"
"Jun 1, 2014",
"Jun 2, 2014","2,024"
"Jun 9, 2014",
"Jun 10, 2014",
"Jun 17, 2014","1,674"
"Jun 18, 2014",
"Jun 25, 2014",
"Jun 26, 2014",
"Jul 3, 2014","1,675"
"Jul 4, 2014",
"Jul 19, 2014","1,693"
"Jul 20, 2014","1,766"
"Jul 28, 2014",
"Aug 5, 2014",
"Aug 12, 2014",
"Aug 13, 2014",958
"Aug 20, 2014",
"Aug 29, 2014","1,652"
"Sep 5, 2014",
"Sep 6, 2014","1,573"
"Sep 13, 2014",
"Sep 14, 2014","1,544"
"Sep 21, 2014",
"Sep 22, 2014","1,482"
"Oct 7, 2014","1,371"
"Oct 8, 2014","1,630"
"Oct 15, 2014",
"Oct 16, 2014","1,639"
"Oct 31, 2014",
"Nov 1, 2014","2,097"
"Nov 8, 2014","2,065"
"Nov 9, 2014",
"Nov 16, 2014",
"Nov 25, 2014",
"Dec 2, 2014",
"Dec 3, 2014",822
"Dec 18, 2014",
"Dec 26, 2014",
"Jan 11, 2015",
"Jan 28, 2015",
"Feb 4, 2015",
"Feb 5, 2015","1,079"
"Feb 12, 2015",
"Feb 21, 2015",
"Feb 28, 2015",953
"Mar 1, 2015",
"Mar 8, 2015",856
"Mar 9, 2015",894
"Mar 16, 2015",
"Mar 17, 2015","2,724"
"Mar 24, 2015",
"Apr 1, 2015","2,663"
"Apr 2, 2015",
"Apr 10, 2015",
"Apr 17, 2015","2,975"
"Apr 18, 2015","2,884"
"Apr 26, 2015","2,944"
"May 3, 2015",
"May 4, 2015",
"May 19, 2015",
"May 27, 2015",
"May 28, 2015","1,775"
"Jun 4, 2015",
"Jun 20, 2015",
"Jun 21, 2015",
"Jun 28, 2015",
"Jun 29, 2015","1,944"
"Jul 14, 2015",
"Jul 15, 2015","1,805"
"Jul 22, 2015",
"Jul 23, 2015",
"Jul 30, 2015",
"Jul 31, 2015","1,787"
"Aug 7, 2015",
"Aug 15, 2015",371
"Aug 16, 2015",
"Aug 23, 2015",
"Aug 24, 2015",
"Aug 31, 2015","1,713"
"Sep 1, 2015","1,651"
"Sep 8, 2015",
"Sep 9, 2015",
"Sep 16, 2015",
"Sep 17, 2015",
"Sep 24, 2015",
"Sep 25, 2015",
"Oct 2, 2015",
"Oct 3, 2015","2,326"
"Oct 10, 2015","1,611"
"Oct 11, 2015",
"Oct 18, 2015","1,567"
"Oct 19, 2015",
"Oct 26, 2015","1,833"
"Oct 27, 2015",
"Nov 3, 2015",
"Nov 4, 2015",
"Nov 19, 2015",
"Nov 20, 2015","1,716"
"Nov 28, 2015","1,304"
"Dec 5, 2015",
"Dec 6, 2015",
"Dec 30, 2015",
"Jan 6, 2016",
"Jan 14, 2016",
"Jan 23, 2016",776
"Jan 30, 2016",
"Feb 7, 2016",
"Feb 23, 2016",
"Mar 2, 2016","1,118"
"Mar 10, 2016",
"Mar 11, 2016","2,529"
"Mar 18, 2016",
"Mar 26, 2016","1,092"
"Apr 3, 2016",
"Apr 11, 2016",
"Apr 12, 2016","2,847"
"Apr 20, 2016",
"May 5, 2016","2,488"
"May 6, 2016",
"May 21, 2016","1,850"
"May 22, 2016","1,965"
"May 29, 2016",
"May 30, 2016","1,850"
"Jun 6, 2016","1,443"
"Jun 14, 2016",
"Jun 15, 2016","1,852"
"Jun 22, 2016",
"Jun 30, 2016",368
"Jul 1, 2016","1,901"
"Jul 8, 2016",
"Jul 9, 2016",
"Jul 16, 2016",
"Jul 17, 2016","1,844"
"Jul 24, 2016",
"Jul 25, 2016","1,867"
"Aug 1, 2016",
"Aug 2, 2016",
"Aug 10, 2016",
"Aug 17, 2016",532
"Aug 18, 2016",
"Aug 25, 2016",
"Aug 26, 2016",
"Sep 2, 2016",
"Sep 3, 2016","1,759"
"Sep 10, 2016",
"Sep 11, 2016","1,511"
"Sep 18, 2016","1,458"
"Sep 19, 2016",
"Sep 26, 2016",962
"Sep 27, 2016",
"Oct 4, 2016",
"Oct 5, 2016",
"Oct 13, 2016",
"Oct 20, 2016",
"Oct 21, 2016","2,326"
"Oct 28, 2016",
"Oct 29, 2016",
"Nov 5, 2016","2,030"
"Nov 6, 2016","2,142"
"Nov 13, 2016","1,933"
"Nov 14, 2016",
"Nov 21, 2016","1,706"
"Nov 22, 2016",
"Nov 29, 2016","1,323"
"Dec 7, 2016",
"Dec 15, 2016",468
"Jan 1, 2017","1,031"
"Jan 8, 2017",
"Feb 1, 2017",
"Feb 2, 2017",
"Feb 9, 2017",737
"Feb 10, 2017",
"Feb 17, 2017",691
"Feb 18, 2017",
"Feb 25, 2017",
"Feb 26, 2017",721
"Mar 14, 2017","1,071"
